{"loss": 0.5664149714112282, "test_loss": 0.39393919706344604, "train_acc": 0.59375, "test_acc": 0.921875, "_timestamp": 1672875473.972759, "_runtime": 174.58646512031555, "_step": 1, "_wandb": {"runtime": 230}}