{"loss": 0.5013510383367539, "test_loss": 0.3264777660369873, "train_acc": 0.75, "test_acc": 0.9921875, "_timestamp": 1672875965.6382132, "_runtime": 372.91727805137634, "_step": 13, "_wandb": {"runtime": 390}}